sobre,34490
parte,26705
estan,18530
hacer,15802
lugar,15403
quien,16326
forma,13322
horas,14467
menos,13198
antes,12781
mejor,12753
mundo,12730
mucho,12380
nuevo,12977
segun,12346
mayor,11878
otras,10228
luego,10024
poder,9978
nueva,9721
estar,9394
todas,9367
final,9892
medio,8870
nivel,8385
euros,8236
haber,7868
salud,7842
grupo,8190
lunes,7328
decir,7098
mujer,8117
junto,7053
datos,6702
tenia,6455
noche,6600
tarde,6107
fuera,5948
punto,5987
niños,6038
joven,6086
juego,5433
sigue,5362
fecha,5289
hemos,5238
marzo,8012
junio,7950
largo,5106
cargo,5021
buena,4867
julio,7470
ambos,4418
linea,4528
igual,4359
dicho,4361
pesar,4334
claro,4278
abril,8545
seria,4318
menor,4107
valor,3997
quedo,4050
vamos,3920
seran,3795
madre,4001
hijos,3635
unico,3823
nadie,3602
busca,3664
pueda,3567
salir,3553
tomar,3497
resto,3528
lider,3794
obras,3369
dejar,3354
campo,3351
mucha,3329
algun,3329
saber,3306
poner,3267
visto,3248
marco,4440
plazo,3229
padre,3371
zonas,3174
hacen,3174
video,4243
orden,3133
favor,3162
lucha,3037
fuego,3092
jugar,2853
libre,2844
exito,2822
venta,2842
lista,2938
temas,2788
media,2809
estoy,2780
clave,2867
manos,2660
tengo,2645
mitad,2633
podra,2568
unica,2556
viaje,2663
queda,2455
razon,2519
norte,2372
cifra,2466
miles,2260
vista,2288
facil,2257
demas,2160
tenga,2104
bueno,2068
comun,2067
podia,2056
curso,2066
goles,2021
salio,2015
virus,1958
libro,2190
actor,1877
grave,1852
dicen,1840
daños,1817
firma,1989
siglo,1778
darle,1746
epoca,1726
doble,1719
gusta,1866
lejos,1678
miedo,1741
labor,1653
hablo,1825
puedo,1633
dicha,1605
hogar,1599
golpe,1604
rival,1536
sueño,1593
suelo,1492
justo,1491
penal,1488
fines,1480
murio,1474
pedir,1453
autor,1580
clase,1464
amigo,1447
niñas,1450
actos,1427
dolar,1439
aquel,1461
calor,1450
gasto,1488
pleno,1388
ritmo,1373
movil,1371
feliz,1348
altos,1329
clima,1329
tipos,1299
duelo,1378
lanzo,1289
turno,1283
cielo,1327
covid,2993
negro,1254
ronda,1209
grado,1196
corte,1224
rueda,1198
pocas,1180
decia,1177
banco,1169
abrio,1156
ideas,1157
plena,1134
hotel,1911
avion,1103
usted,1107
saben,1102
nacio,1073
balon,1063
tramo,1024
vidas,1007
vuelo,1054
subir,1003
ideal,983
pista,1004
vemos,967
suman,949
comer,947
rumbo,948
sumar,934
abuso,1000
carne,1029
costa,926
disco,954
pagos,893
subio,884
dueño,881
quiso,881
juega,873
norma,872
aviso,1092
señor,859
entro,892
señal,866
radio,843
coste,831
venir,821
firme,828
rutas,798
debia,792
votar,787
piden,785
sirve,799
darse,763
reina,836
envio,1340
autos,755
debio,751
kilos,743
pieza,744
frase,741
dejan,736
vital,730
firmo,748
debut,711
gusto,945
retos,684
listo,688
bolsa,708
droga,679
mando,995
acuso,675
feria,709
culpa,685
salvo,893
extra,663
temor,661
venia,684
serio,658
bajos,654
album,685
toque,649
luces,637
logra,627
ubica,626
ocupa,620
viral,624
entra,619
voces,624
plano,605
techo,609
quiza,594
renta,593
tales,589
salto,787
vigor,584
humor,583
causo,583
sufre,573
situa,572
novia,600
solar,569
moral,561
corta,558
hijas,556
salen,553
cuota,551
cuyos,550
viejo,555
ruido,547
jueza,646
chino,561
tocar,534
saldo,580
sabor,527
animo,700
salon,521
flujo,516
rango,515
punta,523
caido,512
malos,509
brazo,497
junta,487
signo,498
gesto,519
plato,590
multa,482
audio,482
negra,486
sexto,475
dieta,474
filas,471
sexta,491
tenis,471
pacto,527
pecho,461
cinta,460
metro,455
sigan,451
metas,448
vacio,456
tiros,435
surge,434
paseo,459
patio,436
arbol,442
toman,421
panel,419
super,522
ayudo,422
citas,412
crudo,411
fruto,409
baile,413
prima,405
letra,402
lados,392
viajo,410
barco,417
museo,393
cuyas,387
trigo,386
urnas,385
hielo,383
falso,380
penas,381
opera,447
optar,371
brote,368
china,369
verlo,363
regla,360
litro,363
niega,357
pared,360
justa,353
traje,359
usado,353
reloj,370
ancho,345
ricos,344
vimos,342
busco,400
echar,336
ponga,335
artes,336
ubico,335
dulce,335
insto,343
pobre,333
gripe,330
veran,330
metio,329
medir,326
censo,338
lazos,313
pesca,314
debil,312
unido,310
cable,310
nubes,310
borde,312
notas,305
duras,303
vieja,304
tomen,297
bares,296
cobra,297
lento,296
damos,292
mover,291
lapso,289
penso,290
trajo,288
duros,286
pymes,286
diera,285
suave,284
trans,287
asilo,281
hojas,280
tardo,284
preso,279
queja,278
pedia,276
resta,275
haces,307
notar,273
broma,279
adios,277
evita,265
filme,265
creia,264
queso,262
becas,261
guion,350
quita,260
baños,258
crean,255
finca,255
volar,256
flota,254
gatos,264
belga,254
cubre,252
digna,254
recta,252
senti,252
venga,251
fibra,251
asume,248
ayude,257
hueco,247
suena,262
etica,247
grito,371
lindo,246
digan,245
evito,245
negar,241
digno,243
parto,241
pares,238
metal,238
riego,238
cines,236
lunar,236
envia,233
acero,232
copia,231
miras,242
varon,231
fijar,230
ficha,228
curva,227
saque,276
nariz,226
poeta,228
presa,238
fruta,223
cuero,225
lucro,225
rompe,223
astro,285
lucio,220
yendo,220
acoge,220
grano,219
paron,218
cobre,220
poste,217
selva,218
quito,240
rayos,218
vinos,212
ponia,211
grabo,218
turco,218
huevo,211
ligas,209
tunel,216
nacer,207
abren,206
cruzo,214
fijos,206
micro,206
rodea,206
lotes,201
actuo,203
dicto,198
dueña,211
sepan,196
coger,195
canto,319
crema,194
niñez,193
quema,196
verla,192
leido,193
falto,218
opina,188
bruto,187
solia,186
situo,186
sonar,188
senda,184
pasen,182
lenta,181
hurto,185
joyas,179
logre,239
nieto,176
dotar,174
fundo,192
primo,187
rojas,174
ajeno,173
himno,173
tomas,173
roles,170
stand,172
traen,169
limon,168
huida,188
minas,168
serlo,167
cupos,166
guias,166
shock,168
suben,165
tumor,165
cruel,164
veian,164
freno,254
guste,163
lucir,162
vengo,171
cerdo,161
stock,160
valer,160
aires,161
acude,159
pulso,162
veras,181
cedio,156
muros,160
rocas,156
sirva,157
bolas,155
donar,155
hable,254
dimos,154
fumar,155
galon,154
noble,153
piano,158
pilar,153
rinde,153
pague,171
colas,149
naves,152
linda,148
truco,148
chips,146
monte,150
palos,146
botas,149
caros,144
santo,146
cesta,147
velar,141
soñar,140
vocal,139
batir,137
esqui,138
vasco,159
sobra,136
males,134
miran,135
culto,133
feroz,133
hueso,133
mural,140
prisa,132
sento,132
taxis,132
dupla,131
reino,156
tumba,133
mitos,131
pilas,133
podes,158
burla,129
picos,129
insta,127
unida,128
nieta,126
oliva,128
bando,125
libra,125
celda,124
velas,124
alego,123
cuida,124
pinta,123
quejo,129
suizo,127
giras,122
tensa,121
quise,120
epica,120
darte,118
foral,146
hitos,118
pisar,118
valio,118
chats,117
narco,117
viuda,125
renal,116
paros,115
sucia,117
sueco,118
fugas,114
botin,117
viola,113
citar,112
ducha,112
ricas,113
anulo,111
huido,112
cajon,110
cruza,111
ondas,110
acido,111
netas,109
viste,109
bodas,112
rejas,108
sueña,108
copas,107
creyo,108
frios,108
huyen,107
tenor,107
giros,106
derbi,106
mixta,105
macro,104
fuero,103
lucho,113
manto,104
zurdo,115
dices,102
nazis,104
furia,106
porte,101
sumen,101
veria,102
hilos,100
optan,100
flora,99
frias,100
laser,100
miden,99
ultra,101
apelo,101
caldo,97
danes,100
mixto,101
turca,100
valen,97
genio,97
ratio,96
apego,103
comen,95
facto,99
pegar,95
rugby,96
cenar,94
cesar,94
gesta,94
canje,93
celos,93
pelos,93
torax,95
actue,99
oreja,93
tango,93
unira,92
alejo,93
apoye,95
jamon,92
tenso,94
vapor,91
dicta,90
tacos,90
arduo,91
darme,89
menus,89
grifo,88
pluma,89
cruda,87
gozan,87
likes,87
modus,89
poema,87
tocan,87
ejido,86
pasto,86
capto,86
jabon,85
muslo,85
netos,84
etico,85
gozar,83
bajen,82
elija,82
darlo,81
fijas,83
ileso,81
nicho,81
perdi,82
rubia,83
delta,80
mango,80
chefs,79
funda,79
orina,79
viera,79
aptos,78
botes,78
jaque,77
judia,80
lapiz,78
pones,82
riñon,78
cenas,76
diran,77
guiar,77
guiño,77
votan,76
anime,119
gotas,75
rifle,75
telon,75
tubos,75
batio,74
lujos,74
sueca,76
tigre,80
anexo,92
cañon,73
grita,71
raton,72
utero,71
duran,70
pivot,98
roban,70
voten,70
ocupe,71
pugna,69
tiras,72
gorda,68
lucen,68
mares,68
pibes,68
sutil,69
tropa,68
veloz,68
lagos,67
obvia,68
sucio,67
sudor,68
dejas,73
etnia,66
judio,69
pesan,66
suban,66
trago,79
deban,65
nomas,76
demos,64
salgo,65
ayuno,63
fusil,63
habil,63
lucia,63
movia,63
puros,63
suiza,63
items,66
alero,62
buceo,63
clubs,62
emita,62
sonda,62
surja,62
yerba,62
angel,72
cafes,61
email,61
ficho,61
monta,61
rasgo,62
rigen,61
sufra,61
telas,61
ictus,61
saudi,61
zurda,60
bache,59
bocas,59
espia,63
flote,59
honra,59
licor,59
recto,59
suero,59
tiran,59
alude,58
cateo,60
digas,58
echan,58
panes,58
temia,58
terna,59
bruta,57
fluye,57
rotas,57
caben,56
cepas,56
ciego,57
lecho,56
palco,56
profe,62
reuna,57
rublo,57
ruina,56
torna,56
bateo,99
culpo,63
molde,56
mueva,55
secta,56
atroz,54
cloud,55
coral,55
falte,55
faros,55
fluir,54
frena,54
round,54
tiron,56
busto,53
buzos,53
canes,53
cetro,53
fijan,53
forme,67
pidan,53
ratos,53
tildo,54
venas,55
bajon,52
filmo,53
limbo,52
peñas,56
podre,53
pulsa,52
sabio,53
agudo,51
cueva,57
feudo,51
giran,51
irnos,51
lance,65
macho,54
mosca,52
nexos,51
posta,51
ruedo,51
subia,51
timon,51
token,53
urgio,51
arcos,50
emoji,50
jugos,50
puños,50
vuela,51
break,60
fosil,49
miren,49
motel,49
segui,49
topes,49
tribu,51
yerno,49
densa,48
first,49
quemo,49
vales,48
venda,49
cotas,47
cubra,47
cupon,48
finas,47
finos,47
hunde,47
pinto,53
posar,47
rubio,48
sedan,55
socia,47
tapon,47
floja,46
fugaz,46
gruas,46
juzga,46
quite,53
ropas,46
vasto,46
blusa,45
boxes,45
cejas,45
evoca,46
secar,45
ticos,49
ebrio,44
minar,44
nulos,44
voley,61
zanjo,44
bucal,43
comia,43
creas,43
cules,43
denso,43
flash,43
grato,43
jeans,43
muera,43
tecla,43
trapo,44
vagon,43
vibra,43
blues,43
cause,45
draft,42
harto,48
lunas,43
opten,42
pizca,42
rompa,42
turba,42
vetar,42
yogur,42
epico,42
atino,43
buzon,41
dotes,41
fisco,42
guapo,41
jiron,41
pinos,41
prime,42
roces,41
trepo,41
clips,40
cuide,44
nuera,40
nutre,40
suite,40
urbes,40
veraz,40
volea,41
clero,39
cubos,39
curas,40
dique,39
magno,39
polar,40
padel,48
rinda,39
tomes,39
verso,45
conte,38
cursa,38
dunas,38
gomas,38
match,41
nidos,38
verbo,38
bulto,38
burlo,38
caños,38
combi,37
cuido,69
duren,37
hazlo,39
modas,37
rosca,37
tacon,37
asumo,36
brisa,36
bruja,40
canso,47
exija,36
lemas,36
metia,36
oveja,36
pateo,39
porta,36
trazo,61
turbo,37
tuyos,36
balde,35
cesan,35
cuela,35
dicte,37
diosa,38
hiyab,35
locas,35
maten,35
motin,35
nudos,35
privo,35
poker,37
talon,35
chile,35
ciega,34
duela,34
flaco,36
iones,34
pudor,34
suela,34
torpe,34
bailo,37
basto,40
clavo,64
dista,33
paños,33
pugil,33
tacho,41
bravo,32
bucle,32
cante,39
citan,32
dueto,32
fetal,32
ligar,32
metan,32
ramos,32
roble,32
short,33
acres,31
bulos,31
cauto,31
frito,31
kurdo,31
persa,31
salve,35
yates,31
zonal,31
ameno,30
apuro,42
ducto,30
fluya,30
jefas,31
perla,31
ponte,30
sudar,30
trino,39
tumbo,33
adobe,29
albos,29
besar,29
bonus,29
borda,30
crias,30
dance,29
joder,29
mande,58
polen,29
trufa,29
atico,30
adujo,28
colar,28
diste,29
dobla,28
dolia,28
gales,28
islam,28
laudo,30
menta,28
pulir,28
roben,28
viudo,28
voraz,28
zumos,28
bicho,28
ceros,27
comes,28
house,30
ilesa,27
mires,27
monja,32
onzas,27
palmo,28
remix,27
trail,28
liceo,26
matiz,26
niego,31
novel,26
nulas,26
picor,26
puras,26
relax,27
reuni,26
tours,26
igneo,27
asumi,25
botar,25
chivo,26
coser,25
dogma,25
edito,27
galos,25
latin,26
moria,25
packs,25
posan,25
priva,25
ritos,26
sufri,25
termo,25
tifon,25
cabos,25
capos,24
cogen,24
hindu,24
huian,24
jerga,24
labio,24
magos,25
ovnis,24
patos,24
sazon,24
sigla,24
spray,24
toser,24
vetos,24
vigas,24
vitro,24
apice,25
cebra,23
elijo,23
films,23
fobia,23
funge,23
trick,32
laico,31
lonas,23
mates,23
picar,23
pings,23
pinza,23
pique,23
prosa,23
ruega,24
situe,24
smart,26
sorda,23
tenaz,23
zarpo,23
acuño,22
coman,22
debas,22
fresa,22
kurda,22
megas,22
melon,22
navio,22
odian,22
petro,22
tilda,22
venza,22
bingo,21
cameo,21
cedia,21
cojin,22
finde,21
graso,21
latex,22
mareo,21
mecha,21
meras,21
mudan,21
pegan,21
pelar,21
purga,21
topar,21
txuri,21
anule,20
bates,20
cuasi,20
decis,20
fijen,20
focal,21
guiso,21
muero,23
multo,20
murga,21
paces,20
posea,20
prado,21
regia,30
rompi,20
ruego,20
tuyas,20
urdin,21
vario,21
ebola,20
cariz,19
copla,19
dones,19
educa,19
gamer,19
forms,19
limar,19
monje,20
pedal,20
puñal,19
rezos,19
riñas,19
rumba,19
skate,19
abone,18
abres,18
aduce,18
ardio,18
arnes,18
azote,18
baron,21
caigo,19
dimes,18
juzgo,23
lejia,18
luzca,18
omite,18
pitar,18
pumas,18
secan,18
tapiz,18
visor,18
aislo,17
beach,17
black,17
cesto,17
copar,17
drive,20
exijo,17
gruta,17
guita,17
helio,20
idear,17
izado,17
lacio,17
mails,21
mapeo,18
mulas,18
odiar,17
okupa,17
pisan,17
qualy,17
rapto,21
reian,17
reido,18
rifas,17
sopla,17
teson,17
tiren,17
tripa,17
velan,17
alijo,17
atril,16
bozal,16
credo,16
cuajo,22
dañen,16
domar,16
docil,16
gramo,16
humos,16
incas,16
luche,20
opine,17
pavos,16
pinar,17
piñas,16
salte,23
tempo,17
urgen,16
verja,16
yegua,16
avido,16
acuse,15
alter,18
blogs,15
bruma,15
caber,15
careo,15
cifro,16
conde,19
coupe,15
denim,15
edita,15
forja,15
femur,16
gaste,21
honda,15
istmo,15
leida,15
links,15
nobel,15
pegas,17
piton,15
quepa,15
renos,15
vodka,15
agito,14
anote,20
antro,14
atrio,14
brota,14
burda,14
cisne,15
colza,14
doler,14
echas,14
fetos,14
frita,14
funde,16
gripa,14
ingle,14
labro,14
latir,14
midan,14
migas,14
migro,14
mugre,14
paren,14
patin,14
pecar,14
peros,14
pidas,14
podas,14
talud,14
tambo,14
temio,14
todes,14
tolda,14
topan,14
track,14
usina,14
vagos,14
vendo,15
veias,14
zumba,14
arden,13
basen,13
beato,13
calmo,26
cimas,14
dotan,13
elfos,13
grand,13
guian,13
heavy,14
light,13
meros,13
mutar,13
pibas,13
rudos,13
share,13
stage,13
subte,13
tazon,13
untar,13
vendi,13
yemas,13
ncies,30
avise,17
añejo,13
bogey,12
brujo,14
cisma,12
clamo,13
crian,12
curan,12
cutis,12
delos,12
donas,12
farol,12
joint,14
jotas,12
laque,12
leian,12
lomas,12
mojar,12
mudar,12
muevo,12
omega,30
peras,13
pisco,12
polis,12
print,12
quads,12
regio,12
rimas,12
rings,12
snack,12
sumio,12
swing,12
terco,14
throw,13
tries,12
trova,12
vermu,12
arido,12
acudi,12
canse,14
cedro,11
cofre,11
cogia,11
corse,11
decil,11
drone,11
espio,12
focas,11
fuman,11
gajos,11
ganes,12
horca,11
junte,12
mueca,11
ondea,11
pecio,11
pican,11
power,11
probe,12
puzle,11
rezan,11
riega,11
score,11
senil,11
tejas,11
traes,13
yacen,11
after,10
baleo,10
boina,10
brega,11
burdo,10
calme,11
calvo,10
celta,10
cuñas,10
enoja,10
fecal,10
grite,14
hilar,10
lauro,10
lonja,10
lucas,10
mater,17
medal,10
ojiva,10
peino,10
pitos,10
podar,11
pujas,10
rozan,10
sidra,10
story,10
sufro,10
suple,10
tersa,10
tilde,10
trabo,10
venis,10
viole,13
zombi,10
block,10
erizo,10
money,10
multi,10
oirse,10
remis,14
surco,13
vapeo,10
chavo,10
grabe,15
hiper,13
lares,13
pario,10
think,10
cenit,10
gober,10
pasmo,10
ticas,14
nchez,12
asome,10
blink,182
cesio,272
covit,19
xovid,19
